GRANT TITLE;GRANT ID (Required);FUNDING ORGANIZATION (Required)
The name of the grant funding the project.;The unique grant identifier or reference.;The name of the funding organization.
Enter a title of approximately 30 words. For example: Study of single cells in the human body.; For example: BB/P0000001/1;" For example: Biotechnology and Biological Sciences Research Council (BBSRC); California Institute of Regenerative Medicine (CIRM)"
project.funders.grant_title;project.funders.grant_id;project.funders.organization
FILL OUT INFORMATION BELOW THIS ROW;;
Robert J Arceci International Award;Robert J Arceci International Award;St Baldrick's Foundation
Wellcome Trust  award;110104/Z/15/Z;Wellcome Trust
Wellcome Trust  award;107931/Z/15/Z;Wellcome Trust
Joint Wellcome Trust/MRC;099175/Z/12/Z;Wellcome Trust/MRC
Cancer Research UK pre-doctoral bursary ;C63442/A25230;Cancer Research UK
NIHR Blood and Transplant Research Unit grant ;RG75628;NIHR
MRC New investigator research grant;MR/N024907/1;MRC
NIHR Research Professorship ;RP-2017-08-ST2-002;NIHR
